노래제목,가수,가사
Bad Girl Good Girl,미쓰에이,You don't know me You don't know me You don't know me You don't know me So shut off boy So shut off boy So shut off boy So shut off shut off 앞에선 한마디도 못하더니 뒤에선 내 얘길 안 좋게 해 참 어이가 없어 Hello hello hello 나 같은 여잔 처음 으로 으로 으로 본 것 같은데 왜 나를 판단하니 내가 혹시 두려운 거니 겉으론 Bad girl 속으론 Good girl 나를 잘 알지도 못하면서 내 겉모습만 보면서 한심한 여자로 보는 너의 시선이 난 너무나 웃겨 춤출 땐 Bad girl 사랑은 Good girl 춤추는 내 모습을 볼 때는 넋을 놓고 보고서는 끝나니 손가락질하는 그 위선이 난 너무나 웃겨 이런 옷 이런 머리 모양으로 이런 춤을 추는 여자는 뻔해 하 네가 더 뻔해 Hello hello hello 자신 없으면 저 뒤로 뒤로 뒤로 물러서면 되지 왜 자꾸 떠드니 네 속이 훤히 보이는 건 아니 겉으론 Bad girl 속으론 Good girl 나를 잘 알지도 못하면서 내 겉모습만 보면서 한심한 여자로 보는 너의 시선이 난 너무나 웃겨 춤출 땐 Bad girl 사랑은 Good girl 춤추는 내 모습을 볼 때는 넋을 놓고 보고서는 끝나니 손가락질하는 그 위선이 난 너무나 웃겨 날 감당 할 수 있는 남잘 찾아요 진짜 남자를 찾아요 말로만 남자다운 척할 남자 말고 날 불안해 하지 않을 남잔 없나요 자신감이 넘쳐서 내가 나일 수 있게 자유롭게 두고 멀리서 바라보는 겉으론 Bad girl 속으론 Good girl 나를 잘 알지도 못하면서 내 겉모습만 보면서 한심한 여자로 보는 너의 시선이 난 너무나 웃겨 춤출 땐 Bad girl 사랑은 Good girl 춤추는 내 모습을 볼 때는 넋을 놓고 보고서는 끝나니 손가락질하는 그 위선이 난 너무나 웃겨 You don't know me You don't know me You don't know me You don't know me So shut off boy So shut off boy So shut off boy So shut off shut off
잔소리 (With 2AM 슬옹),아이유,늦게 다니지좀 마 술은 멀리좀 해봐 열살짜리 애처럼 말을 안듣니 정말 웃음만 나와 누가 누굴보고 아이라 하는지 정말 웃음만 나와 싫은 얘기 하게 되는 내 맘을 몰라 좋은 얘기만 나누고 싶은 내맘을 몰라 그만할까 그만하자 하나부터 열까지 다 널 위한 소리 내 말 듣지 않는 너에게는 뻔한 잔소리 그만하자 그만하자 사랑하기만해도 시간 없는데 머리 아닌 가슴으로 하는 이야기 니가 싫다 해도 안 할수가 없는 이야기 그만하자 그만하자 나의 잔소리가 들려 밥은 제 때 먹는지 여잔 멀리 하는지 온 종일을 네 옆에 있고 싶은데 내가 그 맘인거야 주머니속에 널 넣고 다니면 정말 행복할텐데 둘이 아니면 안되는 우리 이야기 누가 듣는다면 놀려대고 웃을 이야기 그만할까 그만하자 하나부터 열까지 다 널 위한 소리 내 말 듣지 않는 너에게는 뻔한 잔소리 그만하자 그만하자 사랑하기만해도 시간 없는데 머리 아닌 가슴으로 하는 이야기 니가 싫다 해도 안 할수가 없는 이야기 그만하자 그만하자 나의 잔소리가 들려 눈에 힘을 주고 겁을 줘봐도 내겐 그저 귀여운 얼굴 이럴래 자꾸 더는 못 참고 정말 화낼지 몰라 사랑하다 말거라면 안 할 이야기 누구보다 너를 생각하는 마음의 소리 화가 나도 소리 쳐도 너의 잔소리마저 난 달콤한데 사랑해야 할 수 있는 그런 이야기 내 말 듣지 않는 너에게는 뻔한 잔소리 그만하자 그만하자 이런 내 맘을 믿어줘
죽을 만큼 아파서 (Feat. 멜로우),MC몽,I found the way to let you leave I never really had it coming I can't be in the sight of you I want you to stay away from my heart 너의 집 앞으로 가고 있어 빨리 전화 받어 내가 아파서 죽을 것 같거든 너 못보면 내가 진짜 죽을 것 같애 전화 좀 받아줘 1분만 내 말좀 들어줘봐 잠깐만 죽을 것 같애서 난 숨도 못쉬어 나좀 살자 제발 한번만 너의 집 앞에서 네시간째 찢어지는 내 맘 넌 모른채 웃고있니 행복하니 모든 추억과 날 버린채 아프고 숨이 막히는 침묵 어느 새 내 눈물을 가려버린 빗물 머리에서 발끝까지 소름이 끼칠 듯 내 피가 솟구치는 기분 중독된것처럼 하루종일 온통 고통스런 But she's gone 바라보는 너의 시선 그리워 That's why sing this song 제발 지옥같은 여기서 날 꺼내줘 이게 꿈이라면 어서 날 깨워줘 모든것이 다 거짓말이라고 해줘 내게 말해줘 말해줘 나 살 수 있게 I found the way to let you leave I never really had it coming I can't be in the sight of you I want you to stay away from my heart Every day and night 난 술에 만취 마음이 안심하는 것도 잠시 시간이 약이면 왜 낫질 않지 이럴 순 없어 이건 사랑의 반칙 미안해 난 참 욕심이 많아 수면제도 나를 돕지를 않아 밤낮이 바껴 니 생각마다 이리저리 돌아다녀 몸부림 치나봐 하늘이 내게 내린 벌인가 아님 그리 쉽게 나를 버릴까 억지로 누군가를 사랑하며 또 살아갈까 별들 사이를 누비고 내 맘을 노래로 채우고 Don't leave let me freez 날 좀 도와줘 Help me please 제발 지옥같은 여기서 날 꺼내줘 이게 꿈이라면 어서 날 깨워줘 모든것이 다 거짓말이라고 해줘 내게 말해줘 말해줘 나 살 수 있게 I found the way to let you leave I never really had it coming I can't be in the sight of you I want you to stay away from my heart I don't want you to leave 나를 두고 가지 마 정말 끝이라고 내게 말하지 마 단 하루조차도 너 없인 살 수 없어 I want you back want you back in to my life I found the way to let you leave I never really had it coming I can't be in the sight of you I want you to stay away from my heart 하늘이 내게 내린 벌인가 아님 그리 쉽게 나를 버릴까 억지로 누군가를 사랑하며 또 살아갈까 별들 사이를 누비고 내 맘을 노래로 채우고 Don't leave let me freez 날 좀 도와줘 Help me please 죽을 때까지 기다릴거야 니가 아무리 뭐라 그래도 난 기다릴거야 내일 다시 올게 내일 다시 올게
못해 (Feat. 美),포맨 (4MEN),이제는 밥을 먹어도 눈물 없이는 삼키지 못해 억지로 먹고 먹어도 속이 늘 허전해 노랠 들어도 흥얼대지도 못해 영화를 봐도 내가 뭘 본 건 지 기억 못해 밥도 잘 먹지 못해 니가 생각날까봐 니 생각에 체할까봐 니가 떠난 후로 오늘도 눈물로 하루를 먹고 살아 버스도 타지 못해 누가 날 욕할까봐 우는 날 놀려댈까봐 아무 것도 못해 너 없인 나 혼자 살지 못해 이제는 술을 마셔도 눈물 없이는 마시지 못해 아무리 병을 비워도 너만 더 생각해 살아서 뭐해 넌 내 곁에 없는데 혼자 뭘 어째 아무것도 할 수 없는 난데 밥도 잘 먹지 못해 니가 생각날까봐 니 생각에 체할까봐 니가 떠난 후로 오늘도 눈물로 하루를 먹고 살아 버스도 타지 못해 누가 날 욕할까봐 우는 날 놀려댈까봐 아무것도 못해 너 없인 나 혼잔 살지 못해 너 없인 웃는 것도 난 못해 너 없인 걷는 것도 난 못해 아무 것도 아무 것도 못해 내겐 니 사랑이 필요해 혼자 살아서 뭐해 니가 더 잘 알잖아 너 없인 나 안 되잖아 너 밖에 몰라서 너 없인 밥조차 먹지 못하는 난데 차마 죽지도 못해 니가 돌아올까봐 언젠가 날 찾을까봐 아무 것도 못해 오늘도 내일도 너만 원해
죽어도 못 보내,2am,어려도 아픈건 똑같아 세상을 잘 모른다고 아픈걸 모르진 않아 괜찮아 질거라고 왜 거짓말을 해 이렇게 아픈 가슴이 어떻게 쉽게 낫겠어 너 없이 어떻게 살겠어 그래서 난 죽어도 못 보내 내가 어떻게 널 보내 가려거든 떠나려거든 내 가슴 고쳐내 아프지 않게 나 살아갈 수라도 있게 안 된다면 어차피 못살 거 죽어도 못 보내 아무리 니가 날 밀쳐도 끝까지 붙잡을 거야 어디도 가지 못하게 정말 갈거라면 거짓말을 해 내일 다시 만나자고 웃으면서 보자고 헤어지잔 말은 농담이라고 아니면 난 죽어도 못 보내 내가 어떻게 널 보내 가려거든 떠나려거든 내 가슴 고쳐내 아프지 않게 나 살아갈 수라도 있게 안 된다면 어차피 못살 거 죽어도 못 보내 그 많은 시간을 함께 겪었는데 이제와 어떻게 혼자 살란 거야 그렇겐 못해 난 못해 죽어도 못 보내 정말로 못 보내 내가 어떻게 널 보내 가려거든 떠나려거든 내 가슴 고쳐내 아프지 않게 나 살아갈 수라도 있게 안 된다면 어차피 못살 거 죽어도 못 보내
Oh!,소녀시대 (GIRLS' GENERATION),"전에 알던 내가 아냐 Brand new sound 새로워진 나와 함께 One more round Dance Dance Dance till we run this town 오빠 오빠 I'll be I'll be down down down down Hey 오빠 나 좀 봐 나를 좀 바라봐 (처음이야 이런 내 말투 ha!) 머리도 하고 화장도 했는데 (왜 너만 너만 모르니) 두근 두근 가슴이 떨려와요 자꾸 자꾸 상상만 하는걸요 어떻게 하나 콧대 높던 내가 말하고 싶어 Oh! Oh! Oh! 오빠를 사랑해 Ah! Ah! Ah! Ah! 많이 많이 해 수줍으니 제발 웃지마요 진심이니 놀리지도 말아요 또 바보 같은 말뿐야 Oh~ 전에 알던 내가 아냐 Brand new sound 새로워진 나와 함께 One more round Dance Dance Dance till we run this town 오빠 오빠 I'll be I'll be down down down down 오빠 잠깐만 잠깐만 들어봐 (자꾸 딴 얘기는 말고) 동생으로만 생각하진 말아 (1년 뒤면 후회할 걸) 몰라 몰라 내 맘을 전혀 몰라 눈치 없게 장난만 치는걸요 어떻게 하나 이 철없는 사람아 들어봐 정말 Oh! Oh! Oh! 오빠를 사랑해 Ah! Ah! Ah! Ah! 많이 많이 해 수줍으니 제발 웃지마요 진심이니 놀리지도 말아요 또 그러면 나 울지도 몰라 Oh~ 전에 알던 내가 아냐 Brand new sound 뭔가 다른 오늘만은 뜨거운 마음 다음 다음 미루지 마 화만 나 오빠 오빠 이대로는 No! No! No! No! Tell me, boy, boy. Love it? it, it, it, it, it, it, Ah! Oh! Oh! Oh! 오빠를 사랑해 Ah! Ah! Ah! Ah! 많이 많이 해 Oh! Oh! Oh! Oh! Oh! Oh! Oh! 오빠를 사랑해 Ah! Ah! Ah! Ah! Ah! Ah! Ah! Ah! 많이 많이 해 또 바보 같은 말뿐야 Oh~ Oh! Oh! Oh! Oh! Ah! Ah! Ah! Ah! Oh! Oh! Oh! Oh! Oh! Oh! Oh! 오빠를 사랑해 Ah! Ah! Ah! Ah! Ah! Ah! Ah! Ah! 많이 많이 해 Oh! Oh! Oh! Oh! Oh! Oh! Oh! 오빠를 사랑해 Ah! Ah! Ah! Ah! Ah! Ah! Ah! Ah! 많이 많이 Oh"
2 Different Tears,원더걸스,Gave me 2 different tears 너 때문에 난 기뻐서 울었고 슬퍼서 울었어 So I hate you So I love you So I hate you So I love you 난 너 없이 살아가는게 왜 아직도 이렇게 힘든지 더이상 부은 눈으로 눈뜨긴 싫어 이젠 잊고 싶어 그래서 니가 준 아픔 생각해 너 때문에 흘린 눈물 생각해 그런데 왜 자꾸만 행복했던 순간만 떠올리고 있는지 모르겠어 Gave me 2 different tears 너 때문에 난 기뻐서 울었고 슬퍼서 울었어 So I hate you but the love you gave me was so so good So I love you but the pain you gave me was so so bad 왜 아직도 너 땜에 눈물 흘리는지 내가 너무 싫어 얼마나 더 상처를 입어야 난 너를 미워할 수 있을까 그래서 니가 준 아픔 생각해 너 때문에 흘린 눈물 생각해 하지만 그럴수록 밀어내려 할 수록 니 모습은 더 가까이 다가와 Gave me 2 different tears 너 때문에 난 기뻐서 울었고 슬퍼서 울었어 So I hate you but the love you gave me was so so good So I love you but the pain you gave me was so so bad Why do I still feel this way when I know there's nothing Left to say 차라리 몰랐으면 좋을걸 지워버리고 싶어 널 내 자신에게 미워하라고 널 기억하라고 그 상철 But I for some reason why Still miss you no matter how hard I try Gave me 2 different tears 너 때문에 난 기뻐서 울었고 슬퍼서 울었어 So I hate you but the love you gave me was so so good So I love you but the pain you gave me was so so bad Gave me 2 different tears 너 때문에 난 기뻐서 울었고 슬퍼서 울었어 So I hate you but the love you gave me was so so good So I love you but the pain you gave me was so so bad
너 때문에 미쳐,티아라,봐도 봐도 봐도 내가 봐도 봐도 보고싶어 너 땜에 온종일 미쳐 내 영혼마저 미쳐 꽂혀 꽂혀 꽂혀 내가 너에게로 꽂혀 꽂혀 끌리는 내 몸이 꽂혀 너 땜에 내가 미쳐 내 향기에 니 감각을 느껴봐 은근히 감싸는 너는 Sexy shadow 멀쩡하게 뛰고 있는 심장이 다 망가질듯이 너는 Make me crazy Oh oh oh oh oh oh oh oh 철없게 철없게 철없게 철없게 철없게 철없게 살다가 미쳐 Oh oh oh oh oh oh oh oh 철없게 철없게 철없게 철없게 철없게 살다가 내가 미쳐 Sexy shadow Make me crazy 돌아 돌아 돌아 내가 이러다가 내가 돌아 너 땜에 온종일 돌아 내 영혼마저 돌아 어질 어질 어질 눈이 내 머리가 아찔 아찔 끌리는 내몸이 미쳐 너 땜에 내가 미쳐 내 향기에 니 감각을 느껴봐 은근히 감싸는 너는 Sexy shadow 멀쩡하게 뛰고 있는 심장이 다 망가질듯이 너는 Make me crazy Oh oh oh oh oh oh oh oh 철없게 철없게 철없게 철없게 철없게 철없게 살다가 미쳐 Oh oh oh oh oh oh oh oh 철없게 철없게 철없게 철없게 철없게 살다가 내가 미쳐 내 향기에 니 감각을 느껴봐 은근히 감싸는 멀쩡하게 뛰고 있는 심장이 다 망가질듯이 Hey come on 오늘밤 꽂혀 버릴것 같어 나 미쳐 버릴것 같어 너와나 돌아돌아 따라라라 오늘밤 둘이서 Take it 쫄깃한 느낌을 Make it 유혹의 빠져봐 손발을 Do it 온몸을 던져 Like it Oh oh oh oh oh oh oh oh 철없게 철없게 철없게 철없게 철없게 철없게 살다가 미쳐 Oh oh oh oh oh oh oh oh 철없게 철없게 철없게 철없게 철없게 살다가 내가 미쳐 Oh oh oh oh oh oh oh oh 철없게 철없게 철없게 철없게 철없게 철없게 살다가 미쳐 Oh oh oh oh oh oh oh oh 철없게 철없게 철없게 철없게 철없게 살다가 내가 미쳐 Oh oh oh oh oh oh oh oh Oh oh
밥만 잘 먹더라,"Homme (창민, 이현)",사랑이 떠나가도 가슴에 멍이 들어도 한 순간뿐이더라 밥만 잘 먹더라 죽는 것도 아니더라 눈물은 묻어둬라 당분간은 일만 하자 죽을 만큼 사랑한 그녀를 알았단 그 사실에 감사하자 이미 지난 일 말하면 뭐해 돌릴 수 없는데 괜히 아픈 가슴만 다시 들춰내서 뭐해 쓸데 없게 태어나서 딱 세 번만 울게 허락된다는데 괜히 허튼 일들에 아까운 눈물 낭비 말자 오 사랑이 떠나가도 가슴에 멍이 들어도 한 순간뿐이더라 밥만 잘 먹더라 죽는 것도 아니더라 눈물은 묻어둬라 당분간은 일만 하자 죽을 만큼 사랑한 그녀를 알았단 그 사실에 감사하자 아주 가끔 니 생각이 나서 슬퍼지려 하면 친구들과 술 한잔 정신 없이 취하련다 다잊게 미워한다고 뭐 달라지나 그냥 사랑할게 단지 볼 수 없단 걸 견딜 만큼만 생각할게 오 사랑이 떠나가도 가슴에 멍이 들어도 한 순간뿐이더라 밥만 잘 먹더라 죽는 것도 아니더라 눈물은 묻어둬라 당분간은 일만 하자 죽을 만큼 사랑한 그녀를 알았단 그 사실에 감사하자 바람이 지나간다 시리게 나를 울린다 억지로 참아봐도 자꾸 목이 메어 니 이름을 불러본다 잊어도 못 잊겠다 너를 지울 수가 없다 남자답게 웃으며 보내야 하는데 자꾸만 난 울고 있다
Go Away,2NE1,너무 치사하잖아 너답지 못하잖아 지금 적응이 안돼 어 어 어지러워 왜 누가 누구랑 헤어져 네가 나랑 헤어져 잘 생각하고 말해 Yeah 날 따라다니던 남자 참 괜찮았던 남자 난 너 하나 때문에 다다다 보냈는데 누가 누구랑 헤어져 네가 나랑 헤어져 나 없이 잘 살아봐 yeah Tonight 하필 또 비는 내려 왜 내 모습 초라해지게 날 위로 하지는 마 이 손 치워 이제 남이니까 내 걱정 말고 Go Away 집착 없이 사라져 줄게 매달릴 줄 알았겠지 역겨워 착각하지마 더 멋진 사람 만날게 널 후회하게 만들어 줄게 슬픔은 지금 뿐야 boy Cause love is over Love love is over tonight Just say what you gotta say 어쩜 끝까지 멋없니 Fiance Beyonce I'm walkin' out of destiny 초라한 홀로가 아닌 화려한 솔로 That's my way 모든걸 다 줬으니 오히려 난 후회 안 해 지가 더 슬픈 척 끝까지 멋있는 척 All you do is act a fool You ain't shit without your crew 시간 없어 I gotta go 안녕 good bye adios 네 못난 얼굴 다신 보고 싶진 않아 no more Tonight 하필 또 비는 내려 왜 내 모습 초라해지게 날 위로 하지는 마 이 손 치워 이제 남이니까 내 걱정 말고 Go Away 집착 없이 사라져 줄게 매달릴 줄 알았겠지 역겨워 착각하지마 더 멋진 사람 만날게 널 후회하게 만들어 줄게 슬픔은 지금 뿐야 boy Cause love is over Love love is over tonight 내 걱정 말고 Go Away 집착 없이 사라져 줄게 매달릴 줄 알았겠지 역겨워 착각하지마 더 멋진 사람 만날게 널 후회하게 만들어 줄게 슬픔은 지금 뿐야 boy Cause love is over Love love is over tonight
루팡 (Lupin),카라,Sing It With Me Now 2010 We Bringing New Love To The Floor Rocking What's Real La Couture We Opening New Doors New Show New World New Control Can You Keep Up Oh Hallo Hallo Hallo Hallo Hallo Hallo Hallo Hallo Hallo Hallo Hallo Hallo Hallo Hallo Hallo Hallo Hallo Catch Catch Hallo Hallo 겁먹지마 니 심장소리가 들켜 쉿 뒤에 서서 침착하게 지켜봐봐 탐난다고 서두르단 결국 Game Set 유연하게 행동해봐 As Usual It's Mine It's Mine This Is Mine This Is Mine 높이 올라가 세상을 다 가져봐 Never Back It Up Back It It Up Never Turn It Up Turn It It Up Hallo Hallo Hallo Hallo Hallo Hallo Hallo Catch Catch Hallo Hallo 한눈팔면 기회조차 뺏겨버려 쉿 누구보다 한발 먼저 다가가봐 남들처럼 티 내다간 결국 Game Set 유연하게 행동해봐 As Usual It's Mine It's Mine This Is Mine This Is Mine 높이 올라가 세상을 다 가져봐 Never Back It Up Back It It Up Never Turn It Up Turn It It Up 이제 차근차근 걸어 나가봐 세상 하나 하나 전부 가득 담아봐 특별하길 원하니 네 것 이길 바라니 시작해 높이 올라가 세상을 다 가져봐 Never Back It Up Back It It Up Never Turn It Up Turn It It Up
시간아 멈춰라,다비치,눈물이 나기 전에 그대로 멈춰라 이별이 오기 전에 그대로 멈춰라 그대가 떠날 수 없게 날 버리고 갈 수 없게 지금 이 순간 부터 시간아 멈춰라 잘 가란 말 어떻게 잘 하란거니 어떻게 널 웃으며 보내란거니 그런건 나는 못해 못 들은 걸로 할래 아무말 말고 그대로 멈춰라 떠나려는 발걸음 바닥에 붙어라 이별을 말하려는 입술도 붙어라 그대가 떠날 수 없게 날 버리고 갈 수 없게 지금 이 순간 부터 시간아 멈춰라 잘 가란 말 어떻게 잘 하란거니 어떻게 널 웃으며 보내란거니 그런건 나는 못해 못 들은 걸로 할래 아무 말 말고 그대로 멈춰라 화난김에 헤어지잔 말도 했었고 웃는 낯에 침뱉기도 많이 했지만 니가 내게 한 것만큼 한 게 다잖아 이제 와서 니가 나를 버릴 순 없어 말이라고 모두 다 말되는 거니 어떻게 너 안녕을 말하는 거니 그런 말 이해 못해 안 들은 걸로 할래 떠나는 걸음 그대로 멈춰라
Can't Nobody,2NE1,갈만큼 가겠지 오늘밤도 길겠지 분위기 타겠지 졸졸 따라 올 테지 난 참 바쁜걸 I welcome you to my world 2 N E 1 아름다운 Seoul city 시끄러운 음악소리 까만 눈 갈색머리 따라 하긴 too slow 태도는 확실하게 자신감 하늘 향해 뻔 뻔 당당하게 원한다 해도 Can't touch this 눈빛은 찌릿찌릿 심장을 beat it beat it 콧노래 LADI DADI 춤추는 BODY BODY 흥분은 NO NO 자 HERE WE GO GO 세상을 거꾸로 뒤집어놓을 SHOW Cuz I'm so bad bad but I'm so good good Yeah I'm so bad bad and I'm so hood hood Cuz I'm so bad bad but I'm so good good Yeah I'm so bad bad and I'm so hood hood Can't nobody hold us down 날 멈추려 하지마 모두 미칠 때까지 다 지칠때까지 tonight Can't nobody hold us down Can't nobody can't nobody hold us down 갈 때까지 갈 때까지 갔어 난 Can't nobody can't nobody hold us down Cuz We keep rockin' we rock rockin' yeah 앞이 깜깜해도 달려가 네가 막아도 난 뚫고가 더 FASTER 좀 더 FASTER 눈을 감아봐 높이 날아올라봐 철없어 그게 매력인 걸 겁 없어 내 젊음인 걸 망가짐 따윈 없어 이미 벌써 Game over 정신 없이 미치자 Right now I don't give a 볼륨을 더 키워라 세상을 깨우자 Cuz I'm so bad bad but I'm so good good Yeah I'm so bad bad and I'm so hood hood Cuz I'm so bad bad but I'm so good good Yeah I'm so bad bad and I'm so hood hood Can't nobody hold us down 날 멈추려 하지마 모두 미칠 때까지 다 지칠때까지 tonight Can't nobody hold us down Can't nobody can't nobody hold us down 갈 때까지 갈 때까지 갔어 난 Can't nobody can't nobody hold us down Cuz We keep rockin' we rock rockin' yeah Let's rock Just take it to the top Ain't never gonna stop Now all I wanna do is make you rock Just take it to the top Ain't never gonna stop Now make em say na na na na Let's rock Just take it to the top Ain't never gonna stop Now all I wanna do is make you rock Just take it to the top Ain't never gonna stop Now make em say na na na na na na na na na na na na
외톨이야,CNBLUE (씨엔블루),외톨이야 외톨이야 외톨이야 외톨이야 봐봐 나를 봐봐 똑바로 내 두 눈을 봐 거봐 이미 너는 딴 곳을 보고 있어 Check it One Two Three 시계 바늘만 쳐다 보는게 말 안해도 다른 사람 생긴걸 알아 요즘 넌 나 아닌 다른 사람과 만남이 잦더라 이제는 먼저 전화도 걸지 않더라 나랑 있을 때는 하루가 1초라도 넌 내 앞에서 요즘 하늘만 보더라 Oh I know your mind 이미 너와 나의 거리 멀어진 그리고 벌어진 남보다 못한 우리 사이 Oh baby 외톨이야 외톨이야 daridiridara du 외톨이야 외톨이야 daridiridara du 외톨이야 외톨이야 사랑에 슬퍼하고 사랑에 눈물짓는 외톨이 Sad Sad Sad Sad Sad Sad Sad Tonight 가슴이 아파 Oh no no no no Nobody knows 마음 몰라 One Two Three Four Five Six Seven Eight Night 수 많은 밤을 세우며 나를 달래고 있어 차라리 다른 사람 생겼다고 내가 싫으면 싫다고 차라리 솔직하게 말해줬다면 난 너를 죽도록 미워하진 않았을 텐데 Check it One Two Three 네 말을 되새겨 봐도 이리 저리 둘러대는 거짓말이야 Oh baby 외톨이야 외톨이야 daridiridara du 외톨이야 외톨이야 daridiridara du 외톨이야 외톨이야 사랑에 슬퍼하고 사랑에 눈물짓는 외톨이 Sad Sad Sad Sad Sad Sad Sad Tonight 가슴이 아파 Oh no no no no Nobody knows 마음 몰라 One Two Three Four Five Six Seven Eight Night 수 많은 밤을 세우며 나를 달래고 있어 사랑이 가네 사랑이 떠나네 한 사람을 그리고 한 사랑을 내게는 익숙했던 모든 것들을 이 밤이 가면 널 지워야겠지 그래 나 억지로라도 너를 지워야겠지 날 버린 널 생각하면 그래야겠지 Gone Gone My love is Gone 외톨이야 외톨이야 daridiridara du 외톨이야 외톨이야 daridiridara du 외톨이야 외톨이야 사랑에 아파하고 사랑을 기다리는 외톨이 Sad Sad Sad Sad Sad Sad Sad Tonight 꿈이길 원해 Oh no no no no Nobody knows 날 몰라 One Two Three Four Five Six Seven Eight Night 수 많은 밤을 세우며 눈물 흘리고 있어
그땐 그땐 그땐,"Supreme Team, 영준",yeah Supreme Team Secret K Brown Eyed Soul I miss u baby 내가 잘못 했어 그 지겨운 말 억지로 널 붙잡고 흐느껴 운 날 내 진심은 닳아버렸어 그런 순간 들을 모면하는 법까지 연기일 수밖에 물론 넌 그런 나를 알고 있었기에 얼굴 붉히는 일 없이 더 이상 기회는 없을 거라고 단정하며 오히려 차분하게 날 떠났어 그땐 지쳐있었어 나의 너를 안아주기엔 자격조차 없었거든 사랑보단 안정감이 더 커서 마음만 아슬하게 걸쳐있었을 뿐 아름다운 너에게 난 상처가 되기 싫었어 나쁜 놈으로 남기 싫어서 끝내는 되돌릴 방법하나 생각 못하고 너를 그냥 보냈잖아 나를 녹여 주던 너의 그 눈물도 이젠 내 맘을 얼게하네 빛을 담고 있던 너의 그 미소도 졸린 내 눈에 가리워지네 정말 답답해 왜 이런 건지 그땐 그땐 그땐 좋았었는데 정말 비참해 내 앞의 너를 그땐 그땐 그땐 사랑했는데 깨끗이 잊는 법 상처 다 아문 척 이제는 진짜 새로운 만남 시작해도 되는 때라고 말은 한다만 내 맘 같지 않아 어차피 사랑 이란게 다 애들 장난같은 거라 말하며 날 억지로 위로해 그래 이 꼴엔 그런 구차함도 필요해 똑같은 곳에서 일하고 똑같은 침대에서 잠을 자고 예전과 다를 것 없이 지내지만 딱 한 가지가 다르지 더 그럴듯한 변명거리나 날 미치도록 몰두하게 할 일들이 뭐가 있을까 어떻게 텅비어버린 날 채울까 나를 녹여 주던 너의 그 눈물도 이젠 내 맘을 얼게하네 빛을 담고 있던 너의 그 미소도 졸린 내 눈에 가리워지네 정말 답답해 왜 이런 건지 그땐 그땐 그땐 좋았었는데 정말 비참해 너와 나 정말 그땐 그땐 그땐 사랑했는데 내가 똑바로 서있지 못하거나 불안한 모습 보인다거나 그럴 땐 누가 날 안아줄지 그땐 누가 날 안아줄지 내가 똑바로 서있지 못하거나 불안한 모습 보인다거나 그럴 땐 누가 날 안아줄지 그땐 누가 날 안아줄지 비틀비틀비틀 시간은 흐르고 빛바랜 꿈은 지워지고 빙글빙글빙글 내 맘은 겉돌고 사랑한 날은 멀어져가고 정말 답답해 왜 이런 건지 그땐그땐그땐 좋았었는데 정말 비참해 내 앞의 너를 그땐 그땐 그땐 사랑했는데 견뎌내는 것도 널 지우는 것도 후회하는 것도 변한 게 하나 없어 견뎌내는 것도 널 지우는 것도 후회하는 것도 변한 게 하나 없어 견뎌내는 것도 널 지우는 것도 후회하는 것도 변한 게 하나 없어 견뎌내는 것도 널 지우는 것도 후회하는 것도 변한 게 하나 없어
사랑이 술을 가르쳐 (Feat. 백찬 From 8eight),이승기,끝까지 넌 참 많은 걸 가르쳐 내가 몰랐던 것들을 알게해 어쩌면 날 버리고 떠나서도 계속 내 주변을 멤도는듯해 사랑을 가르쳐 기쁨 알게하고 이별을 가르쳐 눈물 알게하고 알고 싶지 않던 것도 알게해 너 때문에 못하던 술을 해 관심없던 노랫말이 들려 잊고 싶어 술을 마시고 술 마시면 또 보고 싶어 왜 잊는 법은 안가르치고 떠난거야 끝까지 넌 정이 너무 많아서 이다지도 많은 것을 남겨줘 추억을 남기고 날 울게하고 상처를 남기고 아프게하고 고칠 수 없는 마음에 병을 줘 너 때문에 못하던 술을 해 관심없던 노랫말이 들려 잊고 싶어 술을 마시고 술 마시면 또 보고 싶어 왜 잊는 법은 안가르치고 떠난거야 내 내 내 내 내 몸이 망가지는 걸 느껴 Yeah I am a looser 내 얼굴에 낯빛은 점점 더 어두두워져 눈시울에 또 젖어 그 기운은 온 몸으로 퍼져 내 뼈속까지 시리게 만들어 제발 좀 살려줘 내가 알 필요없는 행복까지 니가 알려줬잖아 내게 없던 행복일지라도 이제 없어선 안되잖아 갑자기 니가 없어지니깐 뭘 해야될지를 몰라 그저 무엇보다 니가 보고 싶어 단 하루도 제정신이 아니야 술 없이는 난 살 수가 없어 술잔 위에 너를 띄우고 눈물로 다시 너를 지워 왜 잊는 법은 안가르치고 떠난거야 왜 잊는 법은 안가르치고 떠난거야
고백,뜨거운 감자,달이 차고 내 마음도 차고 이대로 담아 두기엔 너무 안타까워 너를 향해 가는데 달은 내게 오라 손짓하고 귓속에 얘길 하네 지금 이 순간이 바로 그 순간이야 제일 마음에 드는 옷을 입고 노란 꽃 한 송이를 손에 들고 널 바라 보다 그만 나도 모르게 웃어버렸네 이게 아닌데 내 마음은 이게 아닌데 널 위해 준비한 오백 가지 멋진 말이 남았는데 사랑한다는 그 흔한 말이 아니야 그 보단 더욱더 로맨틱하고 달콤한 말을 준비했단 말야 숨이 차고 밤 공기도 차고 두 눈을 감아야만 네 모습이 보여 걸을 수가 없는데 구름 위를 걷는다는 말이 과장이 아니란 걸 알게 됐어 널 알게 된 후부터 나의 모든 건 다 달라졌어 이게 아닌데 내 마음은 이게 아닌데 널 위해 준비한 오백 가지 멋진 말이 남았는데 사랑한다는 그 흔한 말이 아니야 그 보단 더욱더 로맨틱하고 달콤한 말을 준비했단 말야 나를 봐줘요 내 말을 들어봐 줘요 아무리 생각을 하고 또 해도 믿어지지 않을 만큼 사랑해
Love,CNBLUE (씨엔블루),Yeah C N to the BLUE That right To the sky high getem high Yes we ready to go 차갑게 더 차갑게 말을 해봐 날 떠날 수 있다고 그 말은 Mis Mis Oh Mistake Everybody got it LA LA LA LA Tik Tik Tok Tok 눈물이 떨어져 Digi Digi Bob Bob to the Sound 유리조각처럼 부서진 우리 둘이 break it now 하늘이 엇갈려 놓은 사랑이라 그랬니 그 말을 믿을 순 없어 Tell me Why why why 너만 원하고 있잖아 No Bye bye bye 그런 슬픈 말은 하지마 I can try try try 다시 돌아온다면 You know I want get get get your love Love Love Love Everybody Clap Clap Clap I want you back to me 꿈에서라도 니 손을 잡던 그 때로 돌아가고 싶은데 Love Love Love Everybody Clap Clap Clap I want you back to me 꿈에서라도 돌아온다면 세상을 다 가진 것 같을텐데 Oh Oh 내가 원하는 건 I wanna go back 함께했던 그 때로 오늘도 Miss Miss Missing you Everybody got it LA LA LA LA Tik Tik Tok Tok 빗물이 떨어져 Digi Digi Bob Bob to the Sound 가슴이 찢어지는 아픔에 우리 둘이 Break it now 하루만 단 하루만 사랑할 수 있기를 이렇게 애원하잖아 Hold me cry cry cry 내 목소리 안들리니 Oh Hi Hi Hi 매일 너만 찾고 있는데 Tell me lie lie lie 다시 돌아온다고 You say I want get get get your love Love Love Love Everybody Clap Clap Clap I want you back to me 꿈에서라도 니 손을 잡던 그 때로 돌아가고 싶은데 Love Love Love Everybody Clap Clap Clap I want you back to me 꿈에서라도 돌아온다면 세상을 다 가진 것 같을텐데 Yeah We make you high Im ready for this CNBLUE microphone check one two 아직도 널 부르면 달려올 것 같은데 이별을 믿을 순 없어 Tell me why why why 너만 원하고 있잖아 No Bye bye bye 그런 슬픈 말은 하지마 I can try try try 다시 돌아온다면 You know I want get get get your love Hold me cry cry cry 내 목소리 안들리니 눈을 감아도 귀를 막아도 니가 보이고 니 목소리가 들리는데 Tell me lie lie lie 다시 돌아온다고 You say I want get get get your love Love Love Love Everybody Clap Clap Clap I want you back to me 꿈에서라도 니 손을 잡던 그 때로 돌아가고 싶은데 Love Love Love Everybody Clap Clap Clap I want you back to me 단 1초라도 함께한다면 세상을 다 가진 것 같을텐데 Love Love Love
19금 나 이런사람이야,DJ DOC,
HUH,4minute,Hm Hm Volume up The moment you've all been waiting for Attention everybody in this corner from the Cube Ha ha show me Say humph huh huh huh huh Say humph huh huh huh huh Say humph Say humph 난 내 맘대로 내 멋대로 해 huh huh huh huh 내가 TV에 나오고 싶다 하면 왜 왜 좀더 예뻐지고 싶다 하면 왜 왜 모두 다 안 된다고만 말해 What you do 웃기지 마 나는 내 맘대로 uh huh uh huh 내 생각보단 자꾸 같은 걸 바래 모두 다 내게서 같은 모습만 바래 Plz leave me Baby you are kidding me huh huh huh huh huh huh huh I wanna be on magazine 모두 맘대로 in ma scene chingaling chingaling chingaling hai work it work it work it out 이런 저런 말들 다 잊어버려 huh huh huh huh 다 같은 꿈 지워버려 huh huh huh huh Say humph Say humph 난 내 맘대로 내 멋대로 해 누구보다 내가 내가 I'm on the top 이것 저것 자꾸 또 시키지 마 huh huh huh huh 날 바꾸려고 하지 마 huh huh huh huh Say humph Say humph 난 내 맘대로 내 멋대로 해 누구보다 내가 내가 I'm on the top 내가 짧은 치마를 입으면 no oh no oh 머릴 짧게 자르고 싶다 하면 no oh no oh 모두 다 이상하다고 말해 What you do 웃기지 마 나는 내 맘대로 uh huh uh huh 내 모습보단 자꾸 다른 걸 바래 모두 다 마음대로 나를 바꾸려고 해 Plz leave me Baby you are kidding me huh huh huh huh huh huh huh I am gonna be famous 이제부턴 당당한 Ladies chingaling chingaling chingaling hai work it work it work it out 이런 저런 말들 다 잊어버려 huh huh huh huh 다 같은 꿈 지워버려 huh huh huh huh Say humph Say humph 난 내 맘대로 내 멋대로 해 누구보다 내가 내가 I'm on the top Keep it ma way U can't touch us 날 꺾으려 하다가 넌 다쳐 Real music으로 무장한 Young ladies 순진한 표정은 널 위한 Ma fake skill Oh oh 벌써 숨어버렸니 더 꼭꼭 숨어라 머리카락 보일라 이런 날 감당할 수 있겠니 huh 아직 보여줄게 산더미야 huh 이런 저런 말들 다 잊어버려 huh huh huh huh 다 같은 꿈 지워버려 huh huh huh huh Say humph Say humph 난 내 맘대로 내 멋대로 해 누구보다 내가 내가 I'm on the top 이것 저것 자꾸 또 시키지 마 huh huh huh huh 날 바꾸려고 하지마 huh huh huh huh Say humph Say humph 난 내 맘대로 내 멋대로 해 누구보다 내가 내가 I'm on the top
뱅(Bang) !,애프터스쿨,T R Y Do it now Can you follow me Yes Uh ha T R Y Pick it up You'll never catch me Oh No 눈부시게 빛나는 나를 따라 Oh Oh Oh 가식적인 말들은 비웃어버려 Ha Ha Ha 예쁘기만 한 너는 더 이상은 No No No 짜릿한 음악 속에 던져버려 Bang Bang Bang 우리는 Oh After School Up 너흰 모두 비켜라 Check it out 다 가져봐 A ha A ha A ha Right now Oh After School Up 모두 미쳐라 외쳐라 또 이렇게 A ha A ha A ha T R Y Do it now Can you follow me Yes Uh ha T R Y Pick it up You'll never catch me Oh No 가슴 뛰는 이 밤을 내 맘은 Oh Oh Oh 불타는 네 눈길은 내 몸을 타고 Ha Ha Ha 거칠어진 숨소리 멈추진 마 No No No 심장이 이 리듬을 따라가게 쿵 쿵 쿵 우리는 Oh After School Up 너흰 모두 비켜라 Check it out 다 가져봐 A ha A ha A ha Right now Oh After School Up 모두 미쳐라 외쳐라 또 이렇게 A ha A ha A ha Bringin' it to you daily It's only from the best After School Playgirlz know how to get fresh So cool So right just so tasty We bring it fast forward the fellows go crazy 좀더 과감하게 보여 주는 거야 더 To be raised for my life 좀더 특별하게 춤을 추는 거야 더 To be raised for my life One Two Three 음악에 널 맡겨 주문을 걸어봐 Yeah To be raised for my life 조금 더 다가와 이순간을 Catch Up 우리는 Oh After School Up 너흰 모두 비켜라 Check it out 다 가져봐 A ha A ha A ha Right now Oh After School Up 모두 미쳐라 외쳐라 또 이렇게 A ha A ha A ha T R Y Do it now Can you follow me Yes Uh ha T R Y Pick it up You'll never catch me Oh No A ha A ha A ha T R Y Do it now A ha A ha A ha Can you follow me Yes Uh ha A ha A ha A ha A ha A ha A ha
Run Devil Run,소녀시대 (GIRLS' GENERATION),똑바로 해 넌 정말 Bad boy 사랑보단 호기심뿐 그 동안 난 너 땜에 깜빡 속아서 넘어간거야 넌 재미없어 매너 없어 넌 Devil Devil 넌 넌 네 핸드폰 수많은 남자 한 글자만 바꾼 여자 내 코까지 역겨운 Perfume 누구 건지 설명해봐 넌 나 몰래 누굴 만나는 끔찍한 그 버릇 못 고쳤니 뛰어 봐도 손바닥 안인걸 You better run run run run run 더는 못 봐 걷어차 줄래 You better run run run run run 날 붙잡아도 관심 꺼둘래 Hey 더 멋진 내가 되는 날 갚아주겠어 잊지 마 You better run run run run run 딱 걸렸어 약 올렸어 Run Devil Devil Run Run 내 곁에서 살며시 흘깃 다른 여잘 꼭 훑어봐 나 없을 땐 넌 Super Playboy 고개 들어 대답해봐 넌 재미없어 매너 없어 넌 Devil Devil 넌 넌 You better run run run run run 더는 못 봐 걷어차 줄래 You better run run run run run 날 붙잡아도 관심 꺼둘래 Hey 더 멋진 내가 되는 날 갚아주겠어 잊지 마 You better run run run run run 딱 걸렸어 약 올렸어 Run Devil Devil Run Run 넌 재미없어 매너 없어 Run Devil Devil Run Run 얘 나 같은 애 어디도 없어 잔머리 굴려서 실망했어 난 걔네들 보다 더 대단해 너 그렇게 커서 뭐 될래 까불지 말랬지 널 사랑해 줄 때 잘 하랬지 You better run run run run run 더는 못 봐 걷어차 줄래 You better run run run run run 날 붙잡아도 관심 꺼둘래 Hey 더 멋진 내가 되는 날 갚아주겠어 잊지 마 You better run run run run run 이 넓은 세상 반은 남자 너 하나 빠져봤자 꼭 나만 봐줄 멋진 남자 난 기다릴래 혼자
NU 예삐오 (NU ABO),f(x),나 어떡해요 언니 내 말을 들어봐 내 그 사람을 언니 모르겠어요 참 엉뚱하다 맨날 나만 놀리지 내가 정말 예뻐 그렇다는데 독창적 별명 짓기 예를 들면 꿍디꿍디 맘에 들어 손 번쩍 들기 정말 난 NU 예삐오 Mysteric Mysteric 몰라 몰라 아직 나는 몰라 기본 기본 사랑공식 사람들의 이별공식 Hysteric Hysteric 달라 달라 나는 너무 달라 내 맘대로 내 뜻대로 좋아좋아 NU 예삐오 나나나나 나나나 나나나 나나나나나 나나나나 나나나나 나나나 나나나 나나나나 난 NU 예삐오 내 말 들어봐요 언니 I'm in The Trance 지금 이 감정은 뭐죠 난 처음인데 가슴 두근두근 마치 꿈꾸는 듯 난 구름위를 둥둥 사랑인가봐 딱 세 번 싸워 보기 헤어질 때 인사 않기 보고 싶은 나 생각 들 땐 커플링 만져보기 Mysteric Mysteric 몰라 몰라 아직 나는 몰라 기본 기본 사랑공식 사람들의 이별공식 Hysteric Hysteric 달라 달라 나는 너무 달라 내 맘대로 내 뜻대로 좋아좋아 NU 예삐오 나나나나 나나나 나나나 나나나나나 나나나나 나나나나 나나나 나나나 나나나나 난 NU 예삐오 사랑에 빠진 건 너무 멋진 일인데 나만의 감정을 모두 주고 배로 받는 것 새롭게 좀 튀게 멋진 꿈을 키워 가는 것 Mysteric 예삐오 그건 모두 다 나인걸 바로 나란 Girl 우 What you what you call What you what you what you call Yes This is how we do it Our love f-x Yeah Yeah Yes This is how we do it pure love f-x Yeah Yeah Yes This is how we do it brand new love f-x 이런 모습 어때 이게 난 걸 어떡해 내 곁에 네가 있어 특별한건데 Yeah Mysteric Mysteric 몰라 몰라 아직 나는 몰라 기본 기본 사랑공식 사람들의 이별공식 Hysteric Hysteric 달라 달라 나는 너무 달라 내 맘대로 내 뜻대로 좋아좋아 NU 예삐오 나나나나 나나나 나나나 나나나나나 나나나나 나나나나 나나나 나나나 나나나나나 나나나나 Yeah Yeah Yeah This is how we do it pure love f-x Yeah Yeah Yes This is how we do it brand Nu ABO
Magic,시크릿,Hey Listen Up Let's Play The Magic Show 3 2 1 Let's Go 반짝이는 조명 아래 선 We Are Magic 강렬한 음악이 흐르면 빠져버릴 Magic Hole 소리 높여 따라 불러봐 We Are Magic 볼수록 더 매력 있게 다가갈게 당당하게 보여줄 듯 말 듯 비밀스럽게 알듯 말듯 신비하게 빠져들걸 Baby 보면 알걸 왜이래 1 Step 2 Step 내게 다가와 말해줄게 나의 비밀을 오 쉿 Let's Secret Time Oh My Magic Magic Magic My Magic Magic Magic 어머어머어머 어머어머어머 어머어머 하고 놀랄걸 Oh My Magic Magic Magic My Magic Magic Magic 어머어머어머 어머어머어머 어머어머 하고 놀랄걸 어머어머 하고 놀랄걸 어어어어어 어어 Magic 하 어어어어어 어어어어 Magic Get Up Get Up 모두다 Get Up Feel My Music 이리저리 눈치 보지 마 네 감정에 솔직해 리듬에 네 몸을 맡겨봐 Feel My Music 흔들흔들 흔들어봐 자신 있게 흔들어봐 보여줄 듯 말 듯 비밀스럽게 알듯 말듯 신비하게 빠져들걸 Baby 보면 알걸 왜이래 1 Step 2 Step 내게 다가와 말해줄게 나의 비밀을 오 쉿 Let's Secret Time Oh My Magic Magic Magic My Magic Magic Magic 어머어머어머 어머어머어머 어머어머 하고 놀랄걸 Oh My Magic Magic Magic My Magic Magic Magic 어머어머어머 어머어머어머 어머어머 하고 놀랄걸 어머어머 하고 놀랄걸 Listen Listen Showing It Up You Wanna I Wanna Listen Showing It Up Listen Listen Showing It Up You Wanna I Wanna Listen Showing It Up Feel Ma Magic Like A Music 신비한 내 주문에 넌 미쳐 조금씩 조금씩 조금씩 봐봐요 I'M A SICK OF THIS MAGIC SHOW 어머 어머 어머 어서 어서 어서 감춰진 나의 매력 Now Let's Make A Secret Time Stop Let's Secret Time Oh My Magic Magic Magic My Magic Magic Magic 어머어머어머 어머어머어머 어머어머 하고 놀랄걸 Oh My Magic Magic Magic My Magic Magic Magic 어머어머어머 어머어머어머 어머어머 하고 놀랄걸 Oh My Music Magic Music My Music Magic Music 어머어머어머 어머어머어머 어머어머 하고 놀랄걸 Oh My Music Magic Music My Music Magic Music 어머어머어머 어머어머어머 어머어머 하고 놀랄걸 어머어머 하고 놀랄걸 어머어머 하고 놀랄걸 쉿
Change (Feat. 용준형 From Beast),현아,"yeah, this, I'm bring it bring it let let's go uh uh uh uh uh uh uh uh uh uh change uh uh uh uh uh uh uh uh uh uh change uh uh uh uh uh uh uh uh uh uh change uh uh uh uh uh uh change change change change change 다 똑같은 것 말고 나를 위한 slogan 다 비슷한 생각들 말고 나를 위한 logo what you want? (what you do) tell me baby what you do 언제나 눈치 보지 말고 step step swagger (I can change) 아무리 어려도 (you can change) 누가 뭐라 해도 (we can change) 모두 내 맘대로 pop pop pop ma collar (do it up) 신경 쓰지 말고 (take it on) 모두 하늘 위로 (jumping up) do it do it do it better (ch ch ch change) boy boy boy 생각대로 change (ch ch ch change) girls girls girls 나를 따라 change (모두 다 change) 모두 다 change (모든 걸 change) 모든 걸 change (이제는 change) 이제는 change I'm gonna change change change change change 1, 2, 3 Ah~ let's get let's get let's movin' let's get let's get let's get started you you you you ready? yeah~ we just burn it! 자꾸만 시간이 가 괜한 걱정만 늘어가 왜 난 이렇게 지냈는지 뻔한 말들만 늘어놔 all night 고민 고민 이제 그만해 왜 이리 왜 이리 피하기만 해 더는 더는 속이지 말고 show me what you got (I can change) 아직은 몰라도 (you can change) 누가 날 막아도 (we can change) 모두 내 멋대로 pop pop pop ma collar (do it up) 눈치보지 말고 (take it on) 모두 손을 위로 (jumping up) do it do it do it better (ch ch ch change) boy boy boy 생각대로 change (ch ch ch change) girls girls girls 나를 따라 change (모두 다 change) 모두 다 change (모든 걸 change) 모든 걸 change (이제는 change) 이제는 change I'm gonna change change change change change 나는 달라 하나 하나 원하는 걸 내가 내가 change 지금부터 I can change 이제부터 you can change 모든 걸 다 we can change change change uh uh uh uh uh uh uh uh uh uh change uh uh uh uh uh uh uh uh uh uh change uh uh uh uh uh uh uh uh uh uh change uh uh uh uh uh uh (ch ch ch change) boy boy boy 생각대로 change (ch ch ch change) girls girls girls 나를 따라 change (모두 다 change) 모두 다 change (모든 걸 change) 모든 걸 change (이제는 change) 이제는 change I'm gonna change change change change change"
Breathe,미쓰에이,너 땜에 자꾸만 내 가슴이 너 땜에 자꾸만 내 몸이 니가 날 볼 때마다 니 생각 할 때마다 너 땜에 자꾸만 내 가슴이 no oh no oh no oh oh I can't breathe no oh no oh no oh oh I can't breathe no oh no oh no oh oh I can't breathe no oh no oh no oh no no Boy you look so fine 어쩜 너무 멋져 안보는 척 해보지만 자꾸만 눈을 맞춰 난 이런 적이 없는데 너에게 빠졌어 니 생각 만하고 있어 날 구해줘 어서 짝사랑은 난 하기 싫은데 말을 해볼까 너도 날 좋아할 것 같은데 용기를 내서 고백해볼까 yeah 싫다면 어쩌나 yeah 이렇게 기다리다 미치겠어 너 땜에 자꾸만 내 가슴이 너 땜에 자꾸만 내 몸이 니가 날 볼 때마다 니 생각 할 때마다 너 땜에 자꾸만 내 가슴이 오늘은 난 꼭 꼭 고백을 하고야 말 거라고 I'm gonna let you know baby I will let you know 생각하다가도 너만 나타나면 몸이 다시 굳어버리고 할말은 잊어버리고 oh 짝사랑은 난 하기 싫은데 말을 해볼까 너도 날 좋아할 것 같은데 용기를 내서 고백해볼까 yeah 싫다면 어쩌나 yeah 이렇게 기다리다 미치겠어 너 땜에 자꾸만 내 가슴이 너 땜에 자꾸만 내 몸이 니가 날 볼 때마다 니 생각 할 때마다 너 땜에 자꾸만 내 가슴이 no oh no oh no oh oh I can't breathe no oh no oh no oh oh I can't breathe no oh no oh no oh oh I can't breathe no oh no oh no oh no no 눈이 마주칠 때 마다 심장이 잠시 멈춰 허허 니가 돌아설 때 마다 슬픔이 나를 덮쳐 흑흑 내 마음속에 갇혀 있는 이 사랑을 주고 싶어 미쳐 받아줘 catcher Here's my love baby boy I just can't breathe 너 땜에 자꾸만 내 가슴이 너 땜에 자꾸만 내 몸이 니가 날 볼 때마다 니 생각 할 때마다 너 땜에 자꾸만 내 가슴이 no oh no oh no oh oh I can't breathe no oh no oh no oh oh I can't breathe no oh no oh no oh oh I can't breathe no oh no oh no oh no no no oh no oh
본능적으로 (Feat. Swings),강승윤,본능적으로 느껴졌어 넌 나의 사람이 된다는 걸 처음 널 바라봤던 순간 찰나의 전율을 잊지못해 Oh Oh Oh Oh Oh Oh Oh Oh Oh Oh Oh 좋은 사람인진 모르겠어 미친듯이 막 끌릴뿐야 섣부른 판단일지라도 왠지 사랑일 것만 같아 Oh Oh Oh Oh Oh Oh Oh Oh Oh Oh Oh 내가 택했던 그녀를 난 믿겠어 내가 택했던 그 밤을 내 생 최고의 사랑일지 미친 사랑의 시작일지 해봐야 아는 게 사랑이지 이제 우리 시작할까 Oh Oh Oh Oh Oh Oh Oh Oh Oh Oh Oh 운전 하다가 널 봤는데 사고가 날 뻔했어 좋아 파란 불이떴어 너에게 난 go 했고 그 S line에 난 자석처럼 끌려 나도 모르게 침을 한방울 흘려 오해하지마 나는 속물 아냐 사랑을 가능케 하는 건 본능이야 우연인지 운명인지 나는 너의 앞에 왔어 계산 같은 건 전부 다 은행에 다 맡겨 내가 택했던 그녀를 난 믿겠어 내가 택했던 그 밤을 내가 택했던 그 밤을 못 잊겠어 그 황홀했던 순간을 내 생 최고의 사랑이든 미친 사랑의 시작이든 절대 후회는 없을거야 이제 우리 시작할까 Oh Oh Oh Oh Oh Oh Oh Oh Oh Oh Oh 그래 느낌이야 이건 본능이야 Oh Oh Oh Oh Oh Oh Oh Oh Oh Oh Oh Everybody now Oh Oh Oh Oh Oh Oh Oh Oh Oh Oh Oh
땡땡땡,Supreme Team,Throw your elbows up Throw your elbows up Throw your elbows up Throw your hands up Louder Louder Louder Make it louder Make it louder Make it louder Booop 불이야 불 우리가 나타났을 때 전화 안 해도 돼 one one nine 보석처럼 이 자리를 빛낼 때 baby say one more time 남자들은 무관심하다가도 어느 샌가 내 어깨에 손을 올려 서로 눈빛만 통해도 긴장이 다 풀려 모두가 잘 어울려 불면증 무기력증 그 공기 속에 노는 폼은 좀비 물 한 번 시원하게 뿌려주면 현실의 무거운 갑옷을 벗지 클럽 안의 아가들부터 길거리 위 악마들까지 발등에 불똥 떨어진 듯 날뛰는 모습이 아름답지 시간 됐어 다 모여 종을 울려 땡땡땡 오늘하루 땡땡땡 땡땡땡 시간 됐어 다 모여 종을 울려 땡땡땡 오늘하루 땡땡땡 Louder 목이 터져 쉴 때까지 Louder 큰일이라도 난 것 같이 Louder 괴괴괴괴 괴물같이 Make it louder 더더더 Make it louder 더더더 Make it louder 멈추는 게 더 힘이 드는 우린 땀 식히는 시간이 아깝지 밖이 여름인지 겨울인지 잊어버린 채로 아침까지 수많은 규칙 숨 막히는 기준들에 맞서거나 피하기 팔 다리 바삐 움직이며 다 털어 내버려 빠빠 빨리 떠 다니는 말들이 너무 많아 바쁜 이곳의 머리 아픈 이들 애매한 대답 뿐이던 세상에게 배 내밀어 배짱부리고 난리 피워 필요한 만큼 옆 사람 놀랄 만큼 말 달려 막 달려 A 에어컨 하나로 모잘러 시간 됐어 다 모여 종을 울려 땡땡땡 오늘하루 땡땡땡 땡땡땡 시간 됐어 다 모여 종을 울려 땡땡땡 오늘 하루 땡땡땡 Louder 목이 터져 쉴 때까지 Louder 큰일이라도 난 것 같이 Louder 괴괴괴괴 괴물같이 Make it louder 더더더 Make it louder 더더더 Make it louder Throw your elbows up Throw your elbows up Throw your elbows up Throw your hands up Louder 목이 터져 쉴 때까지 Louder 큰일이라도 난 것 같이 Louder 괴괴괴괴 괴물같이 Make it louder 더더더 Make it louder 더더더 Make it louder
Bubble Love,"MC몽, 서인영",널 사랑해 너보다 값진 건 없어 널 사랑해 세상누구보다 더 저 하늘에 빛을 따라가다 만난 오직 나를 위한 한사람 톡톡 튀는 우리들의 bubble love kiss 처럼 입술모여 부는 bubble gum 행여나 혹시 그댄 내맘 알까 얼굴만 봐도 뭘 안먹어도 배불러 1 step 2 step in 한걸음 더 니맘을 열어줘 조금만 더 니 목소리만 들어도 난 너무 좋아 끊지말고 통화하자 5분만 더 this sweet bubble love 너무 새콤달콤해 투명한 니맘처럼 너무 깔끔해 crystal clear 널향해 달려 up in the air 날려 날려 don't be afraid blow it away 걱정거리들 모두 밀어내 너와나의 약속 서로를 위로해 마치 엄마 약손 바로 치료돼 널 사랑해 너보다 값진 건 없어 널 사랑해 세상누구보다 더 저 하늘에 빛을 따라가다 만난 오직 나를 위한 한사람 세상은 정글 험한 가시덤불 그 사이 날 막아주는 튼튼한 건물 내 몸과 마음의 치유효과를 높이는 그대는 지상 최대의 내게준 선물 널 위해 살아갈께 i will never stop 눈물조차도 i'll never make it drop 모든걸 담을 사랑의 물방울 커져가는 bubble love never let it pop 길거리를 걷다가도 아침밥을 먹다가도 피곤해서 졸다가도 니 생각만 나 방송을 하다가도 가사를 쓰다가도 노래를 부를때도 니 생각만 나 쓰라린 내게도 이젠 봄이 왔으니 저 물방울처럼 투명해지리 빛은 어둠속에 밝게 빛나니 그대는 내곁에 더 밝게 빛나리 널 사랑해 너보다 값진 건 없어 널 사랑해 세상누구보다 더 저 하늘에 빛을 따라가다 만난 오직 나를 위한 한사람 붕붕 뜨게 i be keepin' it up 계속 배워가고 있어 사랑 지키는 법 내 사랑은 투명한 bubble bubble love 내 사랑은 투명한 bubble bubble love 붕붕 뜨게 i be keepin' it up 계속 배워가고 있어 사랑 지키는 법 내 사랑은 투명한 bubble bubble love 내 사랑은 투명한 bubble bubble love 내 입가에 미소가 떠나질 않아 너 때문에 난 너무나 행복해 저하늘에 빛을 따라가다 만난 오직 나를 위한 한사람
잘못했어,2am,내가 잘 잘 잘못했어 니 말이 달 달 달콤해서 맨날 말 말 말로만 날 날 날로 날 갖고 노는 걸 몰랐어 Baby do you really wanna hurt me Why are you doin' this to me Why 너의 다른 남자들 얘기 안 좋다는 행실들 얘기 모르는 척 못 들은 척 넘어가 보려고 해봐도 자꾸 치근대는 술버릇 내 친구에게 짓는 웃음 고치라고 그만하라고 아무리 너에게 말해도 미안하다는 말은 다 그때뿐 변하겠다는 말도 다 그때뿐 내 가슴 아파 아파 아픈 걸 알면서도 자꾸만 반복되는 걸 내가 잘 잘 잘못했어 니 말이 달 달 달콤해서 맨날 말 말 말로만 날 날 날로 날 갖고 노는 걸 몰랐어 baby you're breaking my heart baby you're hurting my heart 그만 두고 싶은데 잘못된 걸 아는데 다시 니 곁에 돌아가 baby you and I 싸구려 유행가 속으론 우는데 억지로 웃는 광대 baby you and I 싸구려 유행가 속으론 우는데 미안하다는 말은 다 그때뿐 변하겠다는 말도 다 그때뿐 내 가슴 아파 아파 아픈 걸 알면서도 자꾸만 반복되는 걸 내가 잘 잘 잘못했어 니 말이 달 달 달콤해서 맨날 말 말 말로만 날 날 날로 날 갖고 노는 걸 몰랐어 baby you're breaking my heart baby you're hurting my heart 그만 두고 싶은데 잘못된 걸 아는데 다시 니 곁에 돌아가 삐끄덕 엇나간 내 몸과 맘 자존심도 없는 바보라 난 사랑에 속고도 눈물을 닦고 이럼 안되는데 네게로 가 니가 놀다 버린 장난감 이란 사실에 기분이 참 난감 근대 왜 왜 왜 왜 난 오늘도 니 앞에서 웃는 광대 내가 잘 잘 잘못했어 니 말이 달 달 달콤해서 맨날 말 말 말로만 날 날 날로 날 갖고 노는 걸 몰랐어 baby you're breaking my heart baby you're hurting my heart 그만 두고 싶은데 잘못된 걸 아는데 다시 니 곁에 돌아가
